"Timestamp","Username","Teamname","Postalische Adresse","Essbesonderheiten","Handynummer"
"2018/07/11 11:20:34 pm EET","jonathan.kloss1@gmail.com","team","zu hause?!","vegan","680651651681"
"2018/07/11 11:21:07 pm EET","test@ov.de","alles läuft & geht","hier und da","nö","035684684"
"2018/07/11 11:21:33 pm EET","dfett@ed.ee","dfett","defett","dfefet","000000000000000"
"2018/07/15 10:28:03 am EET","team4@ss.dd","team4","team4","team4","team4"
"2018/07/15 10:28:20 am EET","team5@s-w.sw","team5","team5","team5","team5"
"2018/07/15 10:28:40 am EET","team6@s.sw","team6","team6","team6","team6"
"2018/07/15 10:29:01 am EET","team7@ss.ws","team7","team7","team7","team7"
"2018/07/15 10:29:18 am EET","team8@dw.de","team8","team8","team8","team8"
"2018/07/15 10:29:32 am EET","team9@ww.sw","team9","team9","team9","team9"
"2018/07/30 5:40:52 pm EET","qqq@edd.de","qł€","s","d","d"